id,classification_predictions,regression_predictions
0a02a0f55e306cf2a181fea35451611075a6f729,0,19.97198
0aa4ed8235fae96c79fe8562df1d720c5cbd348e,0,6.0043535
0acb406e103dfac1b81c5f6d022ec10802d5316f,1,29.948713
0a0b46086a0a870eacfdd03622bfc3c79705773f,0,6.669738
0a0bcbcf9ad5fb6b57417f63486284563ffd872c,0,10.86184
0a1e3a3d74f997f1dccf54b5d623be2d947f6a02,1,3.0357678
